,ST-VP-4S-S40-Tcells-separate_S40_R1_001,ST-VP-4S-S43-Tcells-separate_S43_R1_001,ST-VP-4S-S51-Tcells-separate_S51_R1_001,ST-VP-4S-S77-Tcells-separate_S77_R1_001,ST-VP-4S-S50-Tcells-separate_S50_R1_001,ST-VP-4S-S79-Tcells-separate_S79_R1_001,ST-VP-4S-S1-Tcells-separate_S1_R1_001,ST-VP-4S-S60-Tcells-separate_S60_R1_001,ST-VP-4S-S26-Tcells-separate_S26_R1_001,ST-VP-4S-S69-Tcells-separate_S69_R1_001,ST-VP-4S-S24-Tcells-separate_S24_R1_001,ST-VP-4S-S34-Tcells-separate_S34_R1_001,ST-VP-4S-S6-Tcells-separate_S6_R1_001,ST-VP-4S-S64-Tcells-separate_S64_R1_001,ST-VP-4S-S47-Tcells-separate_S47_R1_001,ST-VP-4S-S49-Tcells-separate_S49_R1_001,ST-VP-4S-S83-Tcells-separate_S83_R1_001,ST-VP-4S-S21-Tcells-separate_S21_R1_001,ST-VP-4S-S41-Tcells-separate_S41_R1_001,ST-VP-4S-S66-Tcells-separate_S66_R1_001,ST-VP-4S-S7-Tcells-separate_S7_R1_001,ST-VP-4S-S4-Tcells-separate_S4_R1_001,ST-VP-4S-S88-Tcells-separate_S88_R1_001,ST-VP-4S-S95-Tcells-separate_S95_R1_001,ST-VP-4S-S80-Tcells-separate_S80_R1_001,ST-VP-4S-S71-Tcells-separate_S71_R1_001,ST-VP-4S-S84-Tcells-separate_S84_R1_001,ST-VP-4S-S81-Tcells-separate_S81_R1_001,ST-VP-4S-S19-Tcells-separate_S19_R1_001,ST-VP-4S-S75-Tcells-separate_S75_R1_001,ST-VP-4S-S14-Tcells-separate_S14_R1_001,ST-VP-4S-S17-Tcells-separate_S17_R1_001,ST-VP-4S-S28-Tcells-separate_S28_R1_001,ST-VP-4S-S12-Tcells-separate_S12_R1_001,ST-VP-4S-S68-Tcells-separate_S68_R1_001,ST-VP-4S-S48-Tcells-separate_S48_R1_001,ST-VP-4S-S76-Tcells-separate_S76_R1_001,ST-VP-4S-S30-Tcells-separate_S30_R1_001,ST-VP-4S-S65-Tcells-separate_S65_R1_001,ST-VP-4S-S9-Tcells-separate_S9_R1_001,ST-VP-4S-S72-Tcells-separate_S72_R1_001,ST-VP-4S-S56-Tcells-separate_S56_R1_001,ST-VP-4S-S42-Tcells-separate_S42_R1_001,ST-VP-4S-S57-Tcells-separate_S57_R1_001,ST-VP-4S-S46-Tcells-separate_S46_R1_001,ST-VP-4S-S45-Tcells-separate_S45_R1_001,ST-VP-4S-S11-Tcells-separate_S11_R1_001,ST-VP-4S-S10-Tcells-separate_S10_R1_001,ST-VP-4S-S25-Tcells-separate_S25_R1_001,ST-VP-4S-S96-Tcells-separate_S96_R1_001,ST-VP-4S-S32-Tcells-separate_S32_R1_001,ST-VP-4S-S70-Tcells-separate_S70_R1_001,ST-VP-4S-S90-Tcells-separate_S90_R1_001,ST-VP-4S-S29-Tcells-separate_S29_R1_001,ST-VP-4S-S67-Tcells-separate_S67_R1_001,ST-VP-4S-S55-Tcells-separate_S55_R1_001,ST-VP-4S-S5-Tcells-separate_S5_R1_001,ST-VP-4S-S82-Tcells-separate_S82_R1_001,ST-VP-4S-S35-Tcells-separate_S35_R1_001,ST-VP-4S-S15-Tcells-separate_S15_R1_001,ST-VP-4S-S73-Tcells-separate_S73_R1_001,ST-VP-4S-S23-Tcells-separate_S23_R1_001,ST-VP-4S-S92-Tcells-separate_S92_R1_001,ST-VP-4S-S18-Tcells-separate_S18_R1_001,ST-VP-4S-S62-Tcells-separate_S62_R1_001,ST-VP-4S-S86-Tcells-separate_S86_R1_001,ST-VP-4S-S89-Tcells-separate_S89_R1_001,ST-VP-4S-S61-Tcells-separate_S61_R1_001,ST-VP-4S-S16-Tcells-separate_S16_R1_001,ST-VP-4S-S8-Tcells-separate_S8_R1_001,ST-VP-4S-S39-Tcells-separate_S39_R1_001,ST-VP-4S-S37-Tcells-separate_S37_R1_001,ST-VP-4S-S59-Tcells-separate_S59_R1_001,ST-VP-4S-S20-Tcells-separate_S20_R1_001,ST-VP-4S-S38-Tcells-separate_S38_R1_001,ST-VP-4S-S3-Tcells-separate_S3_R1_001,ST-VP-4S-S91-Tcells-separate_S91_R1_001,ST-VP-4S-S85-Tcells-separate_S85_R1_001,ST-VP-4S-S74-Tcells-separate_S74_R1_001,ST-VP-4S-S27-Tcells-separate_S27_R1_001,ST-VP-4S-S94-Tcells-separate_S94_R1_001,ST-VP-4S-S2-Tcells-separate_S2_R1_001,ST-VP-4S-S54-Tcells-separate_S54_R1_001,ST-VP-4S-S78-Tcells-separate_S78_R1_001,ST-VP-4S-S33-Tcells-separate_S33_R1_001,ST-VP-4S-S31-Tcells-separate_S31_R1_001,ST-VP-4S-S53-Tcells-separate_S53_R1_001,ST-VP-4S-S63-Tcells-separate_S63_R1_001,ST-VP-4S-S22-Tcells-separate_S22_R1_001,ST-VP-4S-S44-Tcells-separate_S44_R1_001,ST-VP-4S-S13-Tcells-separate_S13_R1_001,ST-VP-4S-S36-Tcells-separate_S36_R1_001,ST-VP-4S-S87-Tcells-separate_S87_R1_001,ST-VP-4S-S58-Tcells-separate_S58_R1_001,ST-VP-4S-S93-Tcells-separate_S93_R1_001,ST-VP-4S-S52-Tcells-separate_S52_R1_001
CD3:CD3,35,8,385,52,132,48,21,20,0,112,17,20,14,23,18,294,198,428,35,25,35,25,86,0,424,37,84,11,25,169,482,15,425,28,127,169,134,74,309,112,304,0,25,1,15,5,49,443,34,0,308,29,59,65,225,27,142,159,77,110,160,24,41,48,15,20,24,0,35,51,47,0,40,424,45,37,36,100,400,193,0,70,155,79,0,254,9,103,275,101,24,145,156,20,156,33
CD3:CD28,29,3,34,26,60,3,8,18,0,42,9,3,9,6,8,129,39,102,6,8,16,1,44,0,106,21,31,8,18,27,85,8,143,20,106,29,33,20,112,27,93,0,7,1,11,1,26,124,8,0,61,3,60,13,69,14,20,76,36,78,20,3,17,12,0,11,8,0,24,6,16,0,18,30,31,8,6,48,93,63,0,24,22,40,0,94,6,31,30,17,7,38,29,10,71,1
CD3:CD45RA,0,0,0,0,0,0,0,0,0,0,0,0,0,0,0,2,0,0,0,0,0,0,0,0,0,0,0,0,0,0,0,0,0,0,0,0,0,0,0,0,0,0,0,0,0,0,0,0,0,0,0,0,0,1,0,0,0,0,0,0,0,0,0,0,0,0,0,0,0,0,0,0,0,0,0,0,0,0,0,0,0,0,0,0,0,0,0,0,0,0,0,0,0,0,0,0
CD3:CD4,0,0,1,1,0,0,0,0,0,0,0,0,0,1,0,0,1,5,0,0,0,0,0,0,0,0,2,2,1,0,2,0,5,0,1,0,0,0,0,0,2,0,0,0,0,0,0,13,1,0,1,2,0,0,3,0,1,2,0,1,0,0,0,0,0,1,0,0,0,1,1,0,0,0,0,0,1,7,7,0,0,0,31,1,0,1,0,0,0,1,0,2,0,0,0,0
CD3:PD1,16,15,39,77,41,8,1,15,1,62,9,4,26,20,6,77,55,197,5,17,13,24,48,0,33,16,51,24,19,35,87,8,48,46,148,43,67,68,77,5,82,0,12,2,1,2,28,83,35,0,80,55,47,51,14,15,26,159,16,61,51,9,29,18,0,6,6,0,18,57,38,0,15,61,32,24,18,76,217,166,0,15,113,18,0,34,9,50,11,70,28,63,72,13,42,1
CD3:LFA1,0,0,1,0,0,0,0,0,0,0,0,0,0,0,0,1,0,0,0,0,0,0,1,0,1,0,0,0,0,0,0,0,0,0,0,0,0,1,0,0,0,0,0,0,0,0,0,0,0,0,0,0,0,0,0,0,0,0,0,0,0,0,0,0,0,1,0,0,0,0,0,0,1,0,1,0,0,0,0,0,0,0,0,0,0,0,0,0,1,0,0,0,0,0,0,2
CD3:ICAM1,1,0,11,2,15,1,3,5,0,11,5,2,3,1,0,14,15,19,2,2,0,0,6,0,9,0,4,1,4,7,7,2,11,3,15,7,6,10,10,7,7,0,5,0,0,0,3,12,8,0,21,1,6,3,7,8,4,6,8,7,15,7,2,12,0,0,1,0,0,2,5,0,14,21,7,3,1,8,8,13,0,9,10,8,0,6,2,9,30,4,0,9,3,1,13,5
CD3:B7,0,0,2,3,1,0,0,1,0,2,0,0,0,0,0,0,1,5,0,1,0,3,0,0,0,0,0,1,0,4,1,0,2,1,2,1,9,3,0,1,1,0,0,0,0,0,0,4,0,0,5,2,0,0,0,1,2,5,1,0,3,0,0,0,0,0,0,0,2,3,1,0,0,0,1,0,0,2,3,2,0,0,0,0,0,0,0,0,0,0,0,3,0,0,6,0
CD3:PDL1,0,1,0,2,2,0,0,0,0,1,0,0,0,0,0,3,3,1,0,0,0,2,0,0,0,0,0,0,0,1,4,0,1,3,1,0,2,1,6,0,4,0,0,0,0,0,0,3,1,0,1,0,2,1,7,0,1,2,3,1,5,0,0,4,0,0,0,0,1,1,1,0,0,1,0,0,0,3,1,2,0,1,2,2,0,3,0,0,0,1,0,4,1,0,2,0
CD3:HLADR,0,0,3,1,1,0,0,1,0,2,0,0,0,0,0,2,0,5,1,0,1,0,0,0,1,0,0,0,0,0,1,0,0,0,3,0,1,0,0,0,1,0,2,0,0,0,0,2,0,0,0,0,0,0,2,0,1,1,0,3,1,0,0,0,0,0,0,0,0,1,0,0,0,1,0,1,0,1,9,1,0,0,1,0,0,1,0,0,1,1,0,2,1,0,0,0
CD3:CD147,75,20,215,87,170,74,18,36,0,127,40,38,31,73,13,263,145,272,24,68,105,67,82,0,269,69,225,43,30,220,357,9,201,127,117,165,115,96,310,42,248,0,26,6,12,3,57,198,54,1,326,114,70,64,440,47,172,176,59,67,228,24,87,96,6,27,101,0,140,78,159,0,55,369,134,71,108,225,235,261,0,28,76,64,0,193,79,71,37,325,52,215,220,47,179,18
CD3:IgG_28,3,0,1,3,3,0,0,0,0,7,1,0,0,2,0,7,2,9,0,2,0,2,0,0,2,0,0,0,0,5,3,0,1,0,3,3,7,5,0,0,6,0,0,0,0,0,2,4,0,0,1,1,0,1,2,0,2,11,1,2,2,0,2,0,0,0,0,0,1,5,0,0,0,2,1,2,0,0,9,7,0,5,6,4,0,2,0,1,1,7,1,3,1,0,0,0
CD3:IgG_29,0,0,0,0,0,0,0,0,0,0,0,0,0,0,0,0,0,0,0,0,0,0,0,0,0,0,0,0,0,0,0,0,0,0,0,0,0,0,0,0,0,0,0,0,0,0,0,0,0,0,0,0,0,0,0,0,0,0,0,0,0,0,0,0,0,0,0,0,0,0,0,0,0,0,0,0,0,0,0,0,0,1,0,0,0,0,0,0,0,0,0,0,0,0,0,0
CD3:IgG_30,1,2,3,3,3,1,1,0,0,7,0,1,2,0,0,1,5,18,2,0,2,1,4,0,1,2,5,2,1,2,8,0,1,2,3,0,3,0,5,3,8,0,0,0,0,0,0,3,0,0,5,5,2,5,3,0,6,7,1,11,3,0,2,8,3,0,1,0,0,6,3,0,5,4,2,0,4,3,12,9,0,0,4,1,0,5,0,1,4,6,1,6,3,0,3,0
CD28:CD3,8,4,39,14,41,14,7,15,0,21,13,2,8,4,10,54,35,53,5,10,15,2,16,0,114,17,11,10,7,49,126,7,126,8,53,26,44,15,60,16,72,0,2,0,9,4,3,144,0,0,40,0,17,5,27,13,33,55,20,40,14,4,9,7,0,5,13,0,20,9,17,0,8,19,21,20,2,26,90,35,0,3,13,27,0,50,7,29,17,17,12,33,14,10,78,0
CD28:CD28,117,7,20,66,79,25,19,75,0,62,62,15,84,51,51,98,63,43,28,27,16,5,45,0,118,51,25,51,86,45,135,9,106,20,117,15,86,41,77,33,111,0,12,36,26,35,47,123,18,0,68,0,49,24,58,45,50,157,54,102,18,14,30,13,9,23,18,1,92,23,75,0,50,3,59,48,32,48,66,63,0,13,20,73,0,51,40,52,10,54,15,29,12,45,101,3
CD28:CD45RA,0,0,0,0,0,0,0,0,0,0,0,0,0,0,0,0,0,0,0,0,0,0,0,0,0,0,0,0,0,0,0,0,0,0,0,0,0,0,0,0,0,0,0,0,0,0,0,0,0,0,0,0,0,0,0,0,0,0,0,0,0,0,0,1,0,0,0,0,0,0,0,0,0,0,0,0,0,0,0,0,0,0,0,0,0,0,0,0,0,0,0,0,0,0,0,0
CD28:CD4,0,1,0,0,0,0,0,0,0,0,0,0,2,2,0,0,0,1,0,0,1,0,1,0,0,0,0,1,1,0,0,0,0,0,1,0,1,0,1,0,3,0,0,0,0,0,0,0,0,0,1,3,0,0,0,0,1,0,0,0,0,0,0,0,0,0,0,0,2,0,0,0,0,0,0,0,1,3,0,2,0,0,3,0,0,0,1,0,0,0,1,1,0,0,0,0
CD28:PD1,15,34,8,39,14,11,3,12,0,39,17,2,95,34,9,27,14,28,3,23,4,5,18,0,14,20,14,49,26,30,34,3,29,21,70,3,53,27,30,7,33,0,3,45,7,0,22,40,7,0,27,2,25,8,5,15,20,81,18,52,10,2,19,4,0,0,4,0,22,26,41,0,8,1,21,25,12,25,76,65,0,10,24,20,0,7,12,36,4,45,30,34,21,12,27,1
CD28:LFA1,0,0,0,0,0,0,0,0,0,0,0,0,0,0,0,0,0,0,2,0,0,0,0,0,0,0,0,0,1,0,0,0,0,0,0,0,0,0,0,0,0,0,1,0,0,0,0,0,0,0,0,0,0,0,0,0,0,0,0,0,0,0,0,0,0,0,0,0,0,0,0,0,0,0,0,0,0,0,0,0,0,0,0,0,0,0,0,0,0,0,0,0,0,0,0,0
CD28:ICAM1,0,0,2,1,3,1,0,2,0,1,2,0,2,2,3,0,5,2,4,2,0,1,0,0,4,2,2,1,0,2,5,0,5,4,6,1,6,1,2,1,6,0,0,0,1,0,1,6,3,0,2,0,0,1,2,3,2,5,2,0,0,1,1,2,0,1,2,0,0,0,3,0,4,1,3,2,1,1,3,4,0,0,0,2,0,0,5,0,5,1,0,1,0,0,6,1
CD28:B7,0,0,1,4,1,2,0,2,0,4,0,0,3,1,0,2,0,1,2,0,0,2,0,0,1,0,0,0,2,1,4,0,0,1,2,0,1,1,0,0,3,0,0,1,0,0,0,3,1,0,0,0,1,0,0,1,1,2,0,1,0,0,0,0,0,0,0,0,1,1,1,0,0,0,1,1,1,1,3,4,0,0,0,0,0,0,0,0,0,3,2,0,0,0,0,1
CD28:PDL1,0,2,1,0,0,0,0,2,0,2,1,0,0,3,0,0,1,1,0,0,0,0,0,0,3,0,0,0,1,1,0,0,0,1,3,1,2,0,2,0,1,0,0,0,0,0,0,1,0,0,0,0,1,0,0,0,1,2,0,0,0,0,1,4,0,0,2,0,3,3,3,0,0,0,2,0,0,2,2,0,0,0,1,1,0,0,0,0,0,2,3,3,0,0,0,0
CD28:HLADR,0,1,0,1,0,1,0,2,0,0,0,0,3,0,0,0,0,1,0,1,0,0,0,0,0,0,0,0,0,0,0,0,0,0,2,0,0,0,1,0,1,0,0,0,0,0,0,0,0,0,0,0,0,0,1,0,0,0,0,2,0,0,0,0,0,0,0,0,0,1,0,0,0,1,1,2,0,0,0,1,0,0,0,0,0,0,0,0,0,2,1,0,0,0,0,0
CD28:CD147,106,29,39,62,87,119,13,38,0,34,34,16,87,135,11,63,78,72,23,88,46,36,33,0,101,108,69,46,51,162,219,7,88,67,60,29,94,52,120,15,115,0,10,28,21,10,45,105,35,0,121,7,30,14,157,90,81,95,18,42,58,2,69,23,3,7,56,0,157,29,149,0,15,18,96,107,108,80,78,111,0,3,13,76,0,63,141,50,11,212,93,89,52,57,123,11
CD28:IgG_28,0,1,1,0,1,2,1,2,0,3,1,0,2,2,0,0,1,0,2,1,0,1,1,0,2,1,3,0,4,0,0,0,0,1,3,0,1,0,2,0,0,0,0,0,0,0,2,1,0,0,1,0,1,0,1,1,1,1,1,2,0,0,1,0,0,0,0,0,3,1,0,0,0,0,0,0,0,0,1,2,0,0,0,1,0,0,0,2,0,2,4,2,0,0,6,0
CD28:IgG_29,0,0,0,0,0,0,0,0,0,0,0,0,0,0,0,0,0,0,0,0,0,0,0,0,0,0,0,0,0,0,0,0,0,0,0,0,0,0,0,0,0,0,0,0,0,0,0,0,0,0,0,0,0,0,0,0,0,0,0,0,0,0,0,0,0,0,0,0,0,0,0,0,0,0,0,0,0,0,0,0,0,0,0,0,0,0,0,0,1,0,0,0,0,0,0,0
CD28:IgG_30,0,3,1,1,0,2,0,0,0,2,0,2,5,0,1,2,1,0,2,1,0,0,1,0,1,2,0,2,0,1,6,0,2,4,1,2,7,3,0,0,2,0,2,1,2,0,4,4,2,0,1,1,1,0,0,0,3,7,1,5,2,0,3,0,0,1,1,0,0,0,1,0,0,0,2,3,2,1,4,6,0,0,0,0,0,1,0,0,0,5,1,0,1,2,2,0
CD45RA:CD3,0,0,0,0,0,0,0,0,0,0,0,0,0,0,0,0,0,0,0,0,0,0,0,0,0,0,0,0,0,0,0,0,0,0,0,0,0,0,0,0,0,0,0,0,0,0,0,0,0,0,0,0,0,0,0,0,0,0,0,0,0,0,0,0,0,0,0,0,0,0,0,0,0,0,0,0,0,0,0,0,0,0,0,0,0,0,0,0,0,0,0,0,0,0,0,0
CD45RA:CD28,0,0,0,0,0,0,0,0,0,0,0,0,0,0,0,0,0,0,0,0,0,0,0,0,0,0,0,0,0,0,0,0,0,0,0,0,0,0,0,0,0,0,0,0,0,0,0,0,0,0,0,0,0,0,0,0,0,0,0,0,0,0,0,0,0,0,0,0,0,0,0,0,0,0,0,0,0,0,0,0,0,0,0,0,0,0,0,0,0,0,0,0,0,0,0,0
CD45RA:CD45RA,0,0,0,0,0,0,0,0,0,0,0,0,0,0,0,0,0,0,0,0,0,0,0,0,0,0,0,0,0,0,0,0,0,0,0,0,0,0,0,0,0,0,0,0,0,0,0,0,0,0,0,0,0,0,0,0,0,0,0,0,0,0,0,0,0,0,0,0,0,0,0,0,0,0,0,0,0,0,0,0,0,0,0,0,0,0,0,0,0,0,0,0,0,0,0,0
CD45RA:CD4,0,0,0,0,0,0,0,0,0,0,0,0,0,0,0,0,0,0,0,0,0,0,0,0,0,0,0,0,0,0,0,0,0,0,0,0,0,0,0,0,0,0,0,0,0,0,0,0,0,0,0,0,0,0,0,0,0,0,0,0,0,0,0,0,0,0,0,0,0,0,0,0,0,0,0,0,0,0,0,0,0,0,0,0,0,0,0,0,0,0,0,0,0,0,0,0
CD45RA:PD1,0,0,0,0,0,0,0,0,0,0,0,0,0,0,0,0,0,0,0,0,0,0,0,0,0,0,0,0,0,0,0,0,0,0,0,0,0,0,0,0,0,0,0,0,0,0,0,0,0,0,0,0,0,0,0,0,0,0,0,0,0,0,0,0,0,0,0,0,0,0,0,0,0,0,0,0,0,0,0,0,0,0,0,0,0,0,0,0,0,0,0,0,0,0,0,0
CD45RA:LFA1,0,0,0,0,0,0,0,0,0,0,0,0,0,0,0,0,0,0,0,0,0,0,0,0,0,0,0,0,0,0,0,0,0,0,0,0,0,0,0,0,0,0,0,0,0,0,0,0,0,0,0,0,0,0,0,0,0,0,0,0,0,0,0,0,0,0,0,0,0,0,0,0,0,0,0,0,0,0,0,0,0,0,0,0,0,0,0,0,0,0,0,0,0,0,0,0
CD45RA:ICAM1,0,0,0,0,0,0,0,0,0,0,0,0,0,0,0,0,0,0,0,0,0,0,0,0,0,0,0,0,0,0,0,0,0,0,0,0,0,0,0,0,0,0,0,0,0,0,0,0,0,0,0,0,0,0,0,0,0,0,0,0,0,0,0,0,0,0,0,0,0,0,0,0,0,0,0,0,0,0,0,0,0,0,0,0,0,0,0,0,0,0,0,0,0,0,0,0
CD45RA:B7,0,0,0,0,0,0,0,0,0,0,0,0,0,0,0,0,0,0,0,0,0,0,0,0,0,0,0,0,0,0,0,0,0,0,0,0,0,0,0,0,0,0,0,0,0,0,0,0,0,0,0,0,0,0,0,0,0,0,0,0,0,0,0,0,0,0,0,0,0,0,0,0,0,0,0,0,0,0,0,0,0,0,0,0,0,0,0,0,0,0,0,0,0,0,0,0
CD45RA:PDL1,0,0,0,0,0,0,0,0,0,0,0,0,0,0,0,0,0,0,0,0,0,0,0,0,0,0,0,0,0,0,0,0,0,0,0,0,0,0,0,0,0,0,0,0,0,0,0,0,0,0,0,0,0,0,0,0,0,0,0,0,0,0,0,0,0,0,0,0,0,0,0,0,0,0,0,0,0,0,0,0,0,0,0,0,0,0,0,0,0,0,0,0,0,0,0,0
CD45RA:HLADR,0,0,0,0,0,0,0,0,0,0,0,0,0,0,0,0,0,0,0,0,0,0,0,0,0,0,0,0,0,0,0,0,0,0,0,0,0,0,0,0,0,0,0,0,0,0,0,0,0,0,0,0,0,0,0,0,0,0,0,0,0,0,0,0,0,0,0,0,0,0,0,0,0,0,0,0,0,0,0,0,0,0,0,0,0,0,0,0,0,0,0,0,0,0,0,0
CD45RA:CD147,0,0,0,0,0,0,0,0,0,0,0,0,0,0,0,0,0,0,0,0,0,0,0,0,0,0,0,0,0,0,0,0,0,0,0,0,0,0,0,0,0,0,0,0,0,0,0,0,0,0,0,0,0,0,0,0,0,0,0,0,0,0,0,0,0,0,0,0,0,0,0,0,0,0,0,0,0,0,0,0,0,0,0,0,0,0,0,0,0,0,0,0,0,0,0,0
CD45RA:IgG_28,0,0,0,0,0,0,0,0,0,0,0,0,0,0,0,0,0,0,0,0,0,0,0,0,0,0,0,0,0,0,0,0,0,0,0,0,0,0,0,0,0,0,0,0,0,0,0,0,0,0,0,0,0,0,0,0,0,0,0,0,0,0,0,0,0,0,0,0,0,0,0,0,0,0,0,0,0,0,0,0,0,0,0,0,0,0,0,0,0,0,0,0,0,0,0,0
CD45RA:IgG_29,0,0,0,0,0,0,0,0,0,0,0,0,0,0,0,0,0,0,0,0,0,0,0,0,0,0,0,0,0,0,0,0,0,0,0,0,0,0,0,0,0,0,0,0,0,0,0,0,0,0,0,0,0,0,0,0,0,0,0,0,0,0,0,0,0,0,0,0,0,0,0,0,0,0,0,0,0,0,0,0,0,0,0,0,0,0,0,0,0,0,0,0,0,0,0,0
CD45RA:IgG_30,0,0,0,0,0,0,0,0,0,0,0,0,0,0,0,0,0,0,0,0,0,0,0,0,0,0,0,0,0,0,0,0,0,0,0,0,0,0,0,0,0,0,0,0,0,0,0,0,0,0,0,0,0,0,0,0,0,0,0,0,0,0,0,0,0,0,0,0,0,0,0,0,0,0,0,0,0,0,0,0,0,0,0,0,0,0,0,0,0,0,0,0,0,0,0,0
CD4:CD3,0,1,1,2,1,0,0,0,0,0,0,0,1,1,3,0,0,0,3,0,0,0,0,0,2,0,0,4,0,1,4,0,3,2,3,0,2,0,0,0,2,0,1,0,0,0,0,17,0,0,1,1,2,1,0,0,0,1,0,0,0,0,0,0,0,0,0,0,0,0,0,0,0,1,0,0,1,2,2,3,0,0,47,1,0,0,0,0,0,1,1,0,0,1,4,0
CD4:CD28,0,2,0,1,0,0,0,0,0,0,1,0,4,0,1,0,0,0,0,0,0,0,1,0,0,1,0,2,1,1,1,0,0,0,2,0,0,0,0,0,2,0,0,4,0,0,1,3,0,0,0,0,4,0,3,0,0,0,0,0,0,5,0,0,0,3,0,0,1,0,0,0,0,0,1,0,0,3,0,1,0,0,6,0,0,0,0,0,0,0,0,0,0,0,0,0
CD4:CD45RA,0,0,0,0,0,0,0,0,0,0,0,0,0,0,0,0,0,0,0,0,0,0,0,0,0,0,0,0,0,0,0,0,0,0,0,0,0,0,0,0,0,0,0,0,0,0,0,0,0,0,0,0,0,0,0,0,0,0,0,0,0,0,0,0,0,0,0,0,0,0,0,0,0,0,0,0,0,0,0,0,0,0,0,0,0,0,0,0,0,0,0,0,0,0,0,0
CD4:CD4,0,0,0,0,0,0,0,0,0,0,0,0,1,0,0,0,0,0,0,0,0,0,0,0,0,0,0,0,0,0,0,0,0,0,0,0,0,0,0,0,0,0,0,0,0,0,0,1,0,0,0,0,0,0,0,0,0,0,0,0,0,0,0,0,0,0,0,0,0,0,0,0,0,0,0,0,0,0,0,0,0,0,2,0,0,0,0,0,0,1,0,0,0,0,0,0
CD4:PD1,0,11,0,0,0,2,0,2,0,2,0,0,4,0,1,0,0,0,0,0,0,0,0,0,0,0,0,7,0,0,0,0,0,0,0,0,3,0,0,0,0,0,1,13,0,0,0,3,1,0,0,1,4,0,0,0,0,0,0,0,0,0,0,0,0,0,2,0,1,0,0,0,0,0,1,0,1,3,1,0,0,0,22,0,0,0,0,0,0,1,0,0,1,0,0,0
CD4:LFA1,0,0,0,0,0,0,0,0,0,0,0,0,0,0,0,0,0,0,0,0,0,0,0,0,0,0,0,0,0,0,0,0,0,0,0,0,0,0,0,0,0,0,0,0,0,0,0,0,0,0,0,0,0,0,0,0,0,0,0,0,0,0,0,0,0,0,0,0,0,0,0,0,0,0,0,0,0,0,0,0,0,0,0,0,0,0,0,0,0,0,0,0,0,0,0,0
CD4:ICAM1,0,0,0,0,0,0,0,0,0,0,0,0,0,0,0,0,0,0,0,0,0,0,0,0,0,0,0,0,0,0,0,0,0,0,0,0,0,0,0,0,0,0,0,0,0,0,0,0,0,0,0,0,0,0,0,0,0,0,0,0,0,0,0,0,0,0,0,0,0,0,0,0,0,0,0,0,0,0,0,0,0,0,1,2,0,0,0,0,0,0,0,0,0,0,0,0
CD4:B7,0,0,0,0,0,0,0,0,0,0,0,0,0,0,0,0,0,0,0,0,0,0,0,0,0,0,0,1,0,0,0,0,0,0,0,0,0,0,0,0,0,0,0,0,0,0,0,0,0,0,0,0,0,0,0,0,0,0,0,0,0,0,0,0,0,0,0,0,0,0,0,0,0,0,0,0,0,0,0,0,0,0,0,0,0,0,0,0,0,0,0,0,0,0,0,0
CD4:PDL1,0,0,0,0,0,0,0,0,0,0,0,0,0,0,0,0,0,0,0,0,0,0,0,0,0,0,0,3,0,0,0,0,0,0,0,0,0,0,0,0,0,0,0,0,0,0,0,0,0,0,0,0,0,0,0,0,0,0,0,0,0,0,0,0,0,0,0,0,0,0,0,0,0,0,0,0,0,0,0,0,0,0,0,0,0,0,0,0,0,0,0,1,0,0,0,0
CD4:HLADR,0,0,0,0,0,0,0,0,0,0,0,0,0,0,0,0,0,0,0,0,0,0,0,0,0,0,0,0,0,0,0,0,0,0,0,0,0,0,0,0,0,0,0,0,0,0,0,0,0,0,0,0,0,0,0,0,0,0,0,0,0,0,0,0,0,0,0,0,0,0,0,0,0,0,0,0,0,0,0,1,0,0,0,0,0,0,0,0,0,0,0,0,0,0,0,0
CD4:CD147,0,15,1,1,1,1,0,0,0,1,1,0,7,4,5,0,3,3,0,0,3,1,0,0,0,2,6,6,0,5,2,0,1,7,0,0,0,3,0,0,3,0,2,8,0,0,0,8,0,0,8,3,0,0,3,2,4,2,0,0,1,2,0,0,0,0,14,0,3,2,0,0,2,1,3,0,6,14,3,6,0,0,41,2,0,0,2,0,0,13,2,2,0,0,3,0
CD4:IgG_28,0,2,0,0,0,0,0,0,0,0,0,0,0,0,0,0,0,0,0,1,0,0,0,0,0,0,0,0,0,0,0,0,0,0,0,0,0,0,0,0,0,0,0,0,0,0,0,0,0,0,0,0,0,0,0,0,0,0,0,0,0,0,0,0,0,0,0,0,0,0,0,0,0,0,0,0,0,0,1,0,0,0,0,0,0,0,0,0,0,0,0,0,0,0,0,0
CD4:IgG_29,0,0,0,0,0,0,0,0,0,0,0,0,0,0,0,0,0,0,0,0,0,0,0,0,0,0,0,0,0,0,0,0,0,0,0,0,0,0,0,0,0,0,0,0,0,0,0,0,0,0,0,0,0,0,0,0,0,0,0,0,0,0,0,0,0,0,0,0,0,0,0,0,0,0,0,0,0,0,0,0,0,0,0,0,0,0,0,0,0,0,0,0,0,0,0,0
CD4:IgG_30,0,0,0,0,0,0,0,0,0,0,0,0,0,1,0,0,0,0,0,0,0,0,0,0,0,0,0,0,0,0,0,0,0,0,0,0,0,0,0,0,0,0,0,0,0,0,0,0,0,0,0,0,0,0,0,0,0,0,0,0,0,0,0,0,0,0,0,0,0,0,0,0,0,0,0,0,0,3,0,2,0,0,1,0,0,0,0,0,0,0,0,1,0,0,0,0
PD1:CD3,35,45,298,114,57,78,17,37,0,103,31,16,72,117,22,96,196,418,15,117,57,136,44,1,228,82,48,34,40,295,628,5,334,102,234,47,714,94,160,20,505,0,20,9,9,7,47,707,65,0,173,266,52,75,26,74,272,362,25,121,110,7,33,23,10,35,12,0,76,103,77,0,38,125,122,70,62,86,1223,399,0,25,117,78,1,165,50,75,18,303,119,506,167,22,342,9
PD1:CD28,35,88,39,101,42,28,11,33,0,63,38,16,199,74,21,30,68,113,12,78,21,48,21,0,48,88,39,72,46,78,129,1,96,67,181,20,246,33,54,4,172,0,6,71,6,7,36,189,58,0,66,11,45,16,5,46,67,204,17,74,22,4,19,20,2,7,5,0,82,56,53,1,9,5,90,70,31,50,248,166,0,19,32,78,0,36,32,51,6,120,95,109,42,39,119,7
PD1:CD45RA,0,0,0,0,0,0,0,0,0,0,0,0,0,0,0,0,0,0,0,0,0,0,0,0,0,0,0,0,0,0,0,0,0,0,0,0,0,0,0,0,0,0,0,0,0,0,0,0,0,0,0,0,0,0,0,0,0,0,0,0,0,0,0,0,0,0,0,0,0,0,0,0,0,0,0,0,1,0,0,0,0,0,0,0,0,0,0,0,0,0,0,0,0,0,0,0
PD1:CD4,0,46,3,2,0,6,0,0,0,5,0,0,22,13,0,2,5,4,0,6,2,6,0,0,0,9,3,4,1,0,6,0,3,2,4,0,11,0,1,0,2,0,0,10,0,0,0,8,3,0,0,12,1,0,0,2,11,11,1,1,0,0,1,0,0,0,0,0,7,2,2,0,0,0,3,2,4,3,24,7,0,0,8,1,0,0,2,1,0,6,17,4,4,2,2,1
PD1:PD1,28,1852,50,338,17,97,7,34,0,93,19,10,636,299,24,16,180,224,3,200,35,382,31,0,21,153,50,212,106,134,139,3,73,201,357,14,670,122,50,7,164,0,11,426,9,10,71,196,241,0,69,814,74,62,4,72,170,581,14,122,58,15,57,61,2,14,5,0,73,130,75,0,29,32,99,108,115,75,739,533,0,35,168,40,1,45,38,46,7,472,600,344,91,31,89,20
PD1:LFA1,0,0,0,0,0,0,1,0,0,0,0,0,0,0,0,1,0,0,0,1,0,0,0,0,0,0,1,0,0,0,0,0,0,0,1,0,0,0,0,0,0,0,0,1,0,0,0,0,0,0,0,0,0,2,0,0,1,0,0,0,0,0,0,0,0,0,0,0,1,1,1,0,0,0,0,0,0,0,0,1,0,0,0,1,0,0,0,0,0,0,1,0,0,1,0,0
PD1:ICAM1,4,82,7,18,7,7,2,7,0,9,10,4,21,14,2,7,38,20,2,21,1,29,3,0,9,16,9,13,15,13,22,0,19,22,21,4,41,12,15,3,4,0,3,15,2,3,6,25,20,0,16,28,13,6,2,17,6,26,3,8,10,2,7,15,2,1,0,0,7,1,5,0,7,4,8,17,15,6,48,43,0,2,13,12,0,3,16,12,2,26,36,28,10,2,20,2
PD1:B7,0,52,4,7,2,9,0,0,0,2,1,0,15,11,1,0,6,6,1,13,0,9,3,0,0,10,2,8,0,10,2,0,3,5,14,0,27,2,0,0,6,0,0,4,2,1,2,6,8,0,0,21,2,1,0,3,2,11,0,0,1,0,1,0,0,0,0,0,5,3,2,0,0,0,3,3,6,2,22,8,0,0,6,1,0,0,2,0,0,20,14,9,1,2,5,0
PD1:PDL1,1,51,5,6,0,8,3,1,0,2,2,1,18,11,0,0,11,12,0,12,1,11,2,0,2,4,0,9,6,10,17,0,3,10,6,2,23,4,4,0,5,0,0,10,5,0,2,14,7,0,0,30,2,4,0,1,8,13,0,2,1,0,4,0,4,0,2,0,4,6,6,0,1,1,7,5,7,7,27,18,0,0,3,1,0,2,2,1,0,14,20,19,4,5,10,0
PD1:HLADR,0,22,1,6,0,2,0,1,0,2,0,1,12,4,0,0,2,5,0,1,1,6,1,0,0,3,0,0,3,2,0,0,2,2,4,0,7,1,1,0,2,0,0,7,0,0,1,2,2,0,1,8,0,0,0,1,1,6,0,3,3,0,1,3,1,0,0,0,0,4,2,0,0,5,1,2,1,1,18,6,0,0,3,1,0,0,0,0,0,8,12,3,1,1,1,0
PD1:CD147,144,1912,251,399,132,758,15,85,1,169,103,25,472,1372,28,91,582,363,39,707,212,1035,74,1,208,571,268,236,199,767,750,7,310,657,295,67,1146,232,179,34,537,1,40,425,33,25,121,504,495,0,357,1364,51,108,69,440,675,527,60,95,252,31,181,112,27,32,50,6,513,306,370,1,52,94,512,452,800,233,942,826,1,19,126,200,2,159,611,96,8,2351,1393,959,372,143,408,58
PD1:IgG_28,0,105,1,16,3,7,0,3,0,4,3,0,37,30,6,2,11,13,0,9,0,19,0,0,3,11,5,14,6,6,13,1,3,4,17,2,45,5,0,0,9,0,0,15,0,0,5,13,9,0,7,41,5,2,0,10,19,19,2,5,3,0,1,0,3,0,0,0,5,11,4,0,0,0,8,2,12,2,49,22,0,1,9,2,0,1,4,1,0,33,35,20,1,3,4,0
PD1:IgG_29,0,0,0,0,0,0,0,0,0,0,0,0,0,0,0,0,0,0,0,0,0,0,0,0,0,0,0,0,0,0,0,0,0,0,0,0,0,0,0,0,0,0,0,0,0,0,0,0,0,0,0,0,0,0,0,0,0,0,0,0,0,0,0,0,0,0,0,0,0,0,0,0,0,0,0,0,0,0,0,0,0,0,0,0,0,0,0,0,0,0,0,0,0,0,0,0
PD1:IgG_30,9,146,6,11,1,11,0,1,1,7,1,5,46,27,0,2,21,14,0,16,2,25,1,0,1,14,2,11,11,13,16,0,8,8,16,0,46,7,3,2,12,0,2,31,4,0,6,18,16,0,7,59,2,6,0,14,11,42,0,6,5,0,5,1,0,0,0,0,17,9,8,0,1,0,7,3,10,8,52,39,0,2,13,2,0,7,3,4,0,33,48,18,9,9,10,0
LFA1:CD3,0,0,0,0,0,0,0,0,0,0,0,0,0,0,0,1,0,0,0,0,0,0,0,0,1,0,0,0,0,0,0,0,0,0,0,0,0,0,0,0,0,0,0,0,0,0,0,0,0,0,0,0,0,0,0,0,0,0,1,0,0,0,0,0,0,0,0,0,0,1,0,0,0,0,0,0,0,0,0,0,0,0,0,0,0,0,0,0,0,0,0,0,0,0,0,0
LFA1:CD28,0,0,0,0,0,0,0,0,0,0,0,0,0,0,0,0,0,0,0,0,0,0,0,0,0,0,0,0,0,0,0,0,0,0,0,0,0,0,0,0,0,0,0,0,0,0,0,0,0,0,0,0,0,0,0,0,0,0,0,0,0,0,0,0,0,0,0,0,0,0,0,0,0,0,0,0,0,0,0,0,0,0,0,0,0,0,0,0,1,0,0,0,0,0,0,0
LFA1:CD45RA,0,0,0,0,0,0,0,0,0,0,0,0,0,0,0,0,0,0,0,0,0,0,0,0,0,0,0,0,0,0,0,0,0,0,0,0,0,0,0,0,0,0,0,0,0,0,0,0,0,0,0,0,0,0,0,0,0,0,0,0,0,0,0,0,0,0,0,0,0,0,0,0,0,0,0,0,0,0,0,0,0,0,0,0,0,0,0,0,0,0,0,0,0,0,0,0
LFA1:CD4,0,0,0,0,0,0,0,0,0,0,0,0,0,0,0,0,0,0,0,0,0,0,0,0,0,0,0,0,0,0,0,0,0,0,0,0,0,0,0,0,0,0,0,0,0,0,0,0,0,0,0,0,0,0,0,0,0,0,0,0,0,0,0,0,0,0,0,0,0,0,0,0,0,0,0,0,0,0,0,0,0,0,0,0,0,0,0,0,0,0,0,0,0,0,0,0
LFA1:PD1,0,0,0,0,0,0,0,0,0,0,0,0,0,0,0,0,0,0,0,0,0,0,0,0,0,0,0,0,0,0,0,0,0,0,0,0,0,0,0,0,0,0,1,0,0,0,0,0,0,0,0,0,0,0,0,0,0,0,0,0,0,0,0,0,0,0,0,0,0,0,0,0,0,0,0,0,0,0,0,0,0,0,0,0,0,0,0,0,0,0,0,0,0,0,0,0
LFA1:LFA1,0,0,0,0,0,0,0,0,0,0,0,0,0,0,0,0,0,0,0,0,0,0,0,0,0,0,0,0,0,0,0,0,0,0,0,0,0,0,0,0,0,0,0,0,0,0,0,0,0,0,0,0,0,0,0,0,0,0,0,0,0,0,0,0,0,0,0,0,0,0,0,0,0,0,0,0,0,0,0,0,0,0,0,0,0,0,0,0,0,0,0,0,0,0,0,0
LFA1:ICAM1,0,0,0,0,0,0,0,0,0,0,0,0,0,0,0,0,0,0,0,0,0,0,0,0,0,0,0,0,0,0,0,0,0,0,0,0,0,0,0,0,0,0,0,0,0,0,0,0,0,0,0,0,0,0,0,0,0,0,0,0,0,0,0,0,0,0,0,0,0,0,0,0,0,0,0,0,0,0,0,0,0,0,0,0,0,0,0,0,0,0,0,0,0,0,0,0
LFA1:B7,0,0,0,0,0,0,0,0,0,0,0,0,0,0,0,0,0,0,0,0,0,0,0,0,0,0,0,0,0,0,0,0,0,0,0,0,0,0,0,0,0,0,0,0,0,0,0,0,0,0,0,0,0,0,0,0,0,0,0,0,0,0,0,0,0,0,0,0,0,0,0,0,0,0,0,0,0,0,0,0,0,0,0,0,0,0,0,0,0,0,0,0,0,0,0,0
LFA1:PDL1,0,0,0,0,0,0,0,0,0,0,0,0,0,0,0,0,0,0,0,0,0,0,0,0,0,0,0,0,0,0,0,0,0,0,0,0,0,0,0,0,0,0,0,0,0,0,0,0,0,0,0,0,0,0,0,0,0,0,0,0,0,0,0,0,0,0,0,0,0,0,0,0,0,0,0,0,0,0,0,0,0,0,0,0,0,0,0,0,0,0,0,0,0,0,0,0
LFA1:HLADR,0,0,0,0,0,0,0,0,0,0,0,0,0,0,0,0,0,0,0,0,0,0,0,0,0,0,0,0,0,0,0,0,0,0,0,0,0,0,0,0,0,0,0,0,0,0,0,0,0,0,0,0,0,0,0,0,0,0,0,0,0,0,0,0,0,0,0,0,0,0,0,0,0,0,0,0,0,0,0,0,0,0,0,0,0,0,0,0,0,0,0,0,0,0,0,0
LFA1:CD147,0,0,0,0,0,0,0,0,0,0,0,0,0,0,0,0,0,0,0,0,0,0,0,0,0,0,0,0,0,0,0,0,0,0,0,0,0,0,0,0,0,0,0,0,0,0,0,0,0,0,0,0,0,0,0,0,0,0,0,0,0,0,0,0,0,0,0,0,0,0,0,0,0,0,0,0,0,0,0,0,0,0,0,0,0,0,0,0,0,0,0,0,0,0,0,0
LFA1:IgG_28,0,0,0,0,0,0,0,0,0,0,0,0,0,0,0,0,0,0,0,0,0,0,0,0,0,0,0,0,0,0,0,0,0,0,0,0,0,0,0,0,0,0,0,0,0,0,0,0,0,0,0,0,0,0,0,0,0,0,0,0,0,0,0,0,0,0,0,0,0,0,0,0,0,0,0,0,0,0,0,0,0,0,0,0,0,0,0,0,0,0,0,0,0,0,0,0
LFA1:IgG_29,0,0,0,0,0,0,0,0,0,0,0,0,0,0,0,0,0,0,0,0,0,0,0,0,0,0,0,0,0,0,0,0,0,0,0,0,0,0,0,0,0,0,0,0,0,0,0,0,0,0,0,0,0,0,0,0,0,0,0,0,0,0,0,0,0,0,0,0,0,0,0,0,0,0,0,0,0,0,0,0,0,0,0,0,0,0,0,0,0,0,0,0,0,0,0,0
LFA1:IgG_30,0,0,0,0,0,0,0,0,0,0,0,0,0,0,0,0,0,0,0,0,0,0,0,0,0,0,0,0,0,0,0,0,0,0,0,0,0,0,0,0,0,0,0,0,0,0,0,0,0,0,0,0,0,0,0,0,0,0,0,0,0,0,0,0,0,0,0,0,0,0,0,0,0,0,0,0,0,0,0,0,0,0,0,0,0,0,0,0,0,0,0,0,0,0,0,0
ICAM1:CD3,6,1,13,7,8,1,5,3,0,10,13,5,2,1,3,6,15,18,6,1,2,1,5,0,15,3,4,0,4,7,9,6,27,5,18,3,2,0,14,6,7,0,0,0,7,0,1,18,7,1,12,2,15,9,9,3,6,7,9,15,17,1,2,2,5,20,2,0,1,0,2,0,5,20,1,3,1,12,16,18,0,7,11,15,0,3,2,5,41,3,2,8,5,0,10,0
ICAM1:CD28,1,1,4,8,11,0,0,3,0,12,9,6,7,2,18,12,7,14,8,3,0,0,3,0,6,2,3,18,16,5,0,3,10,3,21,0,6,7,8,2,7,0,0,1,4,0,1,6,7,0,5,0,10,9,3,2,0,2,4,13,3,4,3,1,4,3,2,0,1,3,1,0,10,2,1,0,1,8,6,11,0,6,1,7,0,2,0,10,4,4,0,3,1,3,6,0
ICAM1:CD45RA,0,0,0,0,0,0,0,0,0,0,0,0,0,0,0,0,0,0,0,0,0,0,0,0,0,0,0,0,0,0,0,0,0,0,0,0,0,0,0,0,0,0,0,0,0,0,0,0,0,0,0,0,0,0,0,0,0,0,0,0,0,0,0,0,0,0,0,0,0,0,0,0,0,0,0,0,0,0,0,0,0,0,0,0,0,0,0,0,0,0,0,0,0,0,0,0
ICAM1:CD4,0,1,0,0,0,0,0,1,0,0,2,0,1,0,0,0,0,0,0,0,0,0,0,0,0,0,3,2,0,0,1,0,0,0,1,0,0,1,0,0,0,0,0,0,0,0,0,0,0,0,0,0,0,0,0,1,0,0,0,0,0,0,0,0,0,0,0,0,0,0,0,0,0,0,0,0,0,0,0,0,0,0,7,0,0,0,0,0,0,1,0,0,0,0,0,0
ICAM1:PD1,2,37,0,28,3,1,1,3,0,10,5,0,11,7,13,7,9,13,2,11,2,7,9,0,3,2,7,31,18,1,4,0,7,13,32,1,13,6,5,0,2,0,0,7,0,0,2,3,13,0,6,12,4,9,0,10,7,14,3,9,3,4,9,7,1,2,2,0,2,2,3,0,10,2,0,10,4,13,12,34,0,22,18,2,0,0,2,4,6,18,6,5,3,0,7,5
ICAM1:LFA1,0,0,0,0,0,0,0,0,0,0,0,0,0,0,0,0,0,0,0,0,0,0,0,0,0,0,0,0,0,0,0,0,0,0,0,0,1,0,0,0,0,0,0,0,0,0,0,0,0,0,0,0,0,0,0,0,0,0,0,0,0,0,0,0,0,0,0,0,0,0,0,0,0,0,0,0,0,0,0,0,0,0,0,0,0,0,0,0,0,0,0,0,0,0,0,0
ICAM1:ICAM1,0,0,2,1,1,1,1,1,0,1,1,1,16,0,1,2,7,2,1,2,4,1,0,0,1,0,2,2,2,2,3,1,2,0,6,1,3,6,1,1,0,1,15,1,1,0,0,5,1,1,2,3,0,2,0,1,3,1,3,3,0,1,1,25,1,2,2,1,1,0,1,2,0,5,3,3,0,0,2,2,0,5,1,13,0,1,3,1,10,1,1,2,1,0,3,2
ICAM1:B7,0,0,0,0,0,0,0,0,0,0,0,0,2,1,1,0,0,0,0,0,0,0,0,0,0,0,0,0,0,0,0,0,0,0,0,0,1,2,0,0,0,0,0,0,0,0,0,1,0,0,0,0,0,0,0,0,0,0,0,0,0,0,0,0,0,0,0,0,0,0,0,0,0,1,0,1,0,0,0,0,0,0,0,0,0,0,0,0,0,0,0,0,0,0,0,0
ICAM1:PDL1,0,0,0,1,0,0,0,0,1,1,0,0,4,0,0,0,1,0,0,0,0,0,0,0,0,0,2,0,1,0,1,0,0,1,0,0,0,2,0,0,0,0,1,0,0,0,0,1,0,0,2,0,0,0,0,0,0,1,0,0,0,0,0,2,0,1,0,0,0,0,0,0,1,0,0,0,0,0,0,0,0,0,0,0,0,0,1,2,0,0,1,0,0,0,0,0
ICAM1:HLADR,0,0,0,0,0,0,0,0,0,0,0,0,2,0,3,0,0,0,0,0,0,0,0,0,0,0,0,0,0,0,0,0,0,0,0,0,0,3,1,0,0,0,5,0,1,0,0,0,0,1,1,0,0,1,0,0,0,0,1,0,0,0,0,2,1,0,0,0,1,2,0,0,0,0,1,0,0,0,0,0,0,0,0,1,0,0,0,1,1,1,1,0,0,0,0,0
ICAM1:CD147,14,31,12,19,20,17,8,22,0,17,12,7,31,23,19,8,45,15,8,22,12,21,14,0,19,22,30,44,20,29,18,1,31,29,40,11,8,27,31,4,10,0,7,9,23,2,6,12,22,0,45,27,8,27,31,39,12,19,4,18,33,18,30,18,5,9,12,0,32,8,6,0,19,16,12,42,32,26,18,45,0,15,20,21,0,2,38,17,15,53,33,21,9,4,21,22
ICAM1:IgG_28,1,0,0,0,0,0,0,0,0,0,0,0,3,0,0,0,0,2,0,0,0,0,0,0,0,0,0,0,0,1,0,0,0,0,2,0,0,0,0,0,0,0,0,0,0,0,0,0,0,0,0,0,0,1,0,0,0,0,0,0,0,0,0,0,1,0,0,0,0,0,0,0,0,0,0,0,0,2,2,2,0,0,1,0,0,0,0,0,0,2,1,0,0,0,0,0
ICAM1:IgG_29,0,0,0,0,0,0,0,0,0,0,0,0,0,0,0,0,0,0,0,0,0,0,0,0,0,0,0,0,0,0,0,0,0,0,0,0,0,0,0,0,0,0,0,0,0,0,0,0,0,0,0,0,0,0,0,0,0,0,0,0,0,0,0,0,0,0,0,0,0,0,0,0,0,0,0,0,0,0,0,0,0,0,0,0,0,0,0,0,0,0,0,0,0,0,0,0
ICAM1:IgG_30,0,1,0,2,0,0,0,0,0,0,0,0,1,1,0,0,0,0,3,0,0,1,3,0,0,1,2,1,3,2,0,0,0,0,2,0,0,1,0,0,0,0,0,0,0,0,0,0,4,0,1,0,2,0,0,1,1,0,0,3,0,0,2,1,0,0,0,0,1,1,0,0,0,1,0,0,0,1,0,2,0,0,0,0,0,0,0,0,0,2,0,0,0,0,1,5
B7:CD3,1,1,3,1,1,0,1,0,0,0,0,0,0,0,2,0,3,5,0,0,0,3,0,0,3,2,0,0,0,7,20,0,7,2,1,3,9,1,3,0,11,0,0,0,0,0,2,16,0,0,0,1,0,3,3,0,4,1,0,2,2,0,1,0,0,0,1,0,0,2,3,0,0,2,1,0,1,1,7,8,0,0,2,1,0,5,0,0,0,4,2,8,3,1,3,1
B7:CD28,2,0,1,1,3,1,0,1,0,1,0,0,6,4,0,2,1,0,0,0,2,0,0,0,3,3,0,0,0,1,5,2,2,0,4,0,4,2,0,0,3,0,0,1,0,0,1,2,1,0,0,1,0,0,2,0,0,4,2,0,0,0,0,0,0,0,0,0,1,1,2,0,0,0,2,2,0,2,3,2,0,0,0,4,0,0,1,1,0,1,1,1,0,3,3,0
B7:CD45RA,0,0,0,0,0,0,0,0,0,0,0,0,0,0,0,0,0,0,0,0,0,0,0,0,0,0,0,0,0,0,0,0,0,0,0,0,0,0,0,0,0,0,0,0,0,0,0,0,0,0,0,0,0,0,0,0,0,0,0,0,0,0,0,0,0,0,0,0,0,0,0,0,0,0,0,0,0,0,0,0,0,0,0,0,0,0,0,0,0,0,0,0,0,0,0,0
B7:CD4,0,0,0,0,0,0,0,0,0,0,0,0,0,0,0,0,0,0,0,0,0,0,0,0,0,0,0,0,0,0,0,0,0,0,1,0,0,0,0,0,0,0,0,0,0,0,0,0,0,0,0,0,0,0,0,0,0,0,0,0,0,0,0,0,0,0,0,0,0,0,0,0,0,0,0,0,0,0,0,0,0,0,0,0,0,0,0,0,0,0,1,0,0,0,0,0
B7:PD1,0,18,1,3,0,1,2,3,0,0,0,0,2,4,0,3,0,2,0,2,0,2,0,0,1,2,0,10,1,2,3,2,1,0,3,1,7,3,1,0,2,0,0,4,0,0,4,4,3,0,1,7,0,1,0,2,2,4,0,2,0,0,3,0,0,0,0,0,2,2,4,0,0,0,1,1,1,1,5,2,0,0,3,0,0,0,1,4,3,11,6,3,0,0,2,0
B7:LFA1,0,0,0,0,0,0,0,0,0,0,0,0,0,0,0,0,0,0,0,0,0,0,0,0,0,0,0,0,0,0,0,0,0,0,0,0,0,0,0,0,0,0,0,0,0,0,0,0,0,0,0,0,0,0,0,0,0,0,0,0,0,0,0,0,0,0,0,0,0,0,0,0,0,0,0,0,0,0,0,0,0,0,0,0,0,0,0,0,0,0,0,0,0,0,0,0
B7:ICAM1,0,0,1,0,1,0,0,0,0,0,0,0,0,0,0,0,2,0,0,0,0,0,0,0,0,1,0,0,0,0,0,0,0,0,0,1,0,0,0,0,0,0,0,0,0,0,0,1,0,0,0,0,0,1,0,0,0,0,0,0,0,0,0,0,0,1,0,0,0,0,0,0,2,0,1,0,2,0,0,0,0,2,0,0,0,0,0,1,0,0,0,0,0,0,1,0
B7:B7,0,0,0,1,0,0,0,0,0,0,0,0,0,0,0,0,0,1,0,0,0,0,0,0,0,0,0,0,0,1,0,0,0,0,0,0,0,0,0,0,0,0,0,0,0,0,0,0,0,0,1,0,0,0,0,0,1,0,0,0,0,0,0,0,0,0,0,0,1,0,0,0,0,0,0,0,0,0,0,0,0,0,0,0,0,0,0,0,0,0,0,0,0,0,0,0
B7:PDL1,0,0,0,0,0,0,0,0,0,0,0,0,0,0,0,0,0,0,0,0,0,0,0,0,0,0,0,0,0,0,0,0,0,0,0,0,0,0,0,0,0,0,0,0,0,0,0,0,0,0,0,0,0,0,0,0,0,0,0,0,0,0,0,0,0,0,0,0,0,0,0,0,0,0,0,0,0,0,0,0,0,0,0,0,0,0,0,0,0,0,0,1,0,0,0,0
B7:HLADR,0,0,0,0,0,0,0,0,0,0,0,0,0,0,0,0,0,0,0,0,0,0,0,0,0,0,0,0,0,0,0,0,0,0,0,0,0,0,0,0,0,0,1,0,0,0,0,0,0,0,0,1,0,0,0,0,0,0,0,0,0,0,0,0,0,0,0,0,0,0,0,0,0,0,0,0,0,0,0,0,0,0,0,0,0,0,0,0,0,0,1,0,0,0,0,0
B7:CD147,3,20,4,5,6,10,0,0,0,3,1,0,4,23,4,1,19,5,0,10,5,12,1,0,7,18,5,3,10,16,12,0,4,2,5,2,18,2,4,1,11,0,2,4,4,0,3,9,4,0,5,8,6,2,8,8,10,3,1,0,1,0,5,3,1,5,3,0,9,5,7,0,0,2,5,5,17,2,9,9,0,0,1,5,0,1,33,4,0,39,16,23,2,0,13,2
B7:IgG_28,0,1,0,1,0,0,0,0,0,0,0,0,1,0,0,0,0,0,0,0,0,0,0,0,0,0,0,0,0,0,0,0,0,0,0,0,0,0,0,0,0,0,2,0,0,0,0,0,0,0,0,0,0,0,0,0,0,0,0,0,0,0,0,0,0,0,0,0,0,0,0,0,0,0,0,0,0,0,0,0,0,0,0,0,0,0,0,0,0,1,0,1,0,0,0,0
B7:IgG_29,0,0,0,0,0,0,0,0,0,0,0,0,0,0,0,0,0,0,0,0,0,0,0,0,0,0,0,0,0,0,0,0,0,0,0,0,0,0,0,0,0,0,0,0,0,0,0,0,0,0,0,0,0,0,0,0,0,0,0,0,0,0,0,0,0,0,0,0,0,0,0,0,0,0,0,0,0,0,0,0,0,0,0,0,0,0,0,0,0,0,0,0,0,0,0,0
B7:IgG_30,0,3,0,0,0,0,0,0,0,0,0,0,0,2,0,0,1,0,0,0,0,0,0,0,0,0,0,3,0,0,0,0,1,0,0,0,0,0,0,0,0,0,0,0,0,0,0,1,0,0,0,0,3,0,0,0,0,1,0,2,0,0,0,0,1,0,0,0,0,0,0,0,0,1,0,0,0,0,0,0,0,0,0,1,0,0,0,0,0,0,0,2,0,0,0,0
PDL1:CD3,0,1,11,2,0,1,0,0,0,0,2,1,1,0,0,0,1,4,0,3,0,2,1,0,12,1,0,0,1,2,12,0,3,4,2,3,3,0,7,0,8,0,0,0,0,1,0,7,0,0,1,1,0,0,0,0,4,1,3,1,2,0,0,0,0,0,0,0,1,1,0,0,1,3,3,1,3,2,10,1,0,2,1,2,0,6,0,1,0,1,1,6,7,1,8,5
PDL1:CD28,1,0,0,2,2,1,0,0,0,1,1,0,3,2,0,0,1,2,2,0,1,0,0,0,1,2,0,0,4,1,4,0,1,0,0,2,0,0,1,0,4,0,0,0,0,0,3,4,0,0,2,0,3,0,1,1,6,1,4,0,0,0,0,0,1,0,0,0,3,0,2,0,0,2,0,0,1,1,2,0,0,0,0,1,0,4,3,0,0,3,2,0,2,1,1,0
PDL1:CD45RA,0,0,0,0,0,0,0,0,0,0,0,0,0,0,0,0,0,0,0,0,0,0,0,0,0,0,0,0,0,0,0,0,0,0,0,0,0,0,0,0,0,0,0,0,0,0,0,0,0,0,0,0,0,0,0,0,0,0,0,0,0,0,0,0,0,0,0,0,0,0,0,0,0,0,0,0,0,0,0,0,0,0,0,0,0,0,0,0,0,0,0,0,0,0,0,0
PDL1:CD4,0,1,0,0,0,0,0,0,0,1,0,0,0,0,0,0,0,0,0,0,0,0,0,0,0,0,0,0,0,0,0,0,0,0,0,0,0,0,0,0,0,0,0,0,0,0,0,0,0,0,0,0,0,0,1,0,0,0,0,0,0,0,0,0,0,0,0,0,0,0,0,0,0,0,0,0,0,0,2,0,0,0,0,0,0,0,0,0,0,0,0,0,0,0,0,0
PDL1:PD1,1,17,1,2,1,5,0,1,0,2,0,0,2,3,0,0,6,2,1,6,1,3,0,0,0,5,1,4,2,3,2,0,4,1,4,1,4,0,2,0,2,0,0,5,0,0,1,6,1,0,2,10,0,1,0,0,2,3,0,2,3,0,0,2,2,0,0,0,4,1,2,0,0,0,1,2,2,0,9,9,0,2,1,0,0,0,1,2,0,11,1,8,4,3,1,0
PDL1:LFA1,0,0,0,0,0,0,0,0,0,0,0,0,0,0,0,0,0,0,0,0,0,0,0,0,0,0,0,0,0,0,0,0,0,0,0,0,0,0,0,0,0,0,0,0,0,0,0,0,0,0,0,0,0,0,0,0,0,0,0,0,0,0,0,0,0,0,0,0,0,0,0,0,0,0,0,0,0,0,0,0,0,0,0,0,0,0,0,0,0,0,0,0,0,0,0,0
PDL1:ICAM1,0,1,0,0,0,0,0,0,0,0,0,0,0,0,0,0,0,0,0,0,0,0,0,0,1,1,0,0,0,1,0,0,0,0,1,0,1,0,2,0,0,0,2,0,0,0,0,0,2,0,0,0,0,0,0,1,0,0,0,0,0,0,0,1,0,0,0,0,1,0,0,0,0,0,1,0,0,0,1,0,0,0,0,2,0,0,0,0,0,1,0,0,0,0,0,0
PDL1:B7,0,0,0,0,0,0,0,0,0,0,0,0,0,0,0,0,0,0,0,0,0,0,0,0,0,0,0,0,0,0,0,0,0,0,0,0,0,0,0,0,0,0,0,0,0,0,0,0,0,0,0,0,0,0,0,0,1,0,0,0,0,0,0,0,0,0,0,0,0,0,0,0,0,0,0,0,0,0,0,0,0,0,0,0,0,0,0,0,0,0,0,0,0,0,0,0
PDL1:PDL1,0,0,0,0,0,1,0,0,0,0,0,0,0,0,0,0,0,0,0,0,0,0,0,0,0,0,0,0,0,0,0,0,0,0,0,0,1,1,0,0,0,0,0,0,0,0,0,1,0,0,0,0,0,0,0,0,0,0,0,0,0,0,0,1,0,0,0,0,0,0,0,0,0,0,0,0,0,0,1,0,0,0,1,0,1,0,0,0,0,0,0,0,0,0,0,0
PDL1:HLADR,0,0,0,0,0,0,0,0,0,0,0,0,0,0,0,0,0,0,0,0,0,0,0,0,0,0,0,0,0,0,0,0,0,0,0,0,0,0,0,0,0,0,0,0,0,0,0,0,0,0,0,0,0,0,0,0,0,0,0,0,0,0,0,0,0,0,0,0,0,0,0,0,0,0,0,0,0,0,0,0,0,0,0,1,0,0,0,0,0,0,0,0,0,0,0,0
PDL1:CD147,6,16,14,3,1,19,0,3,0,4,1,0,2,18,3,0,10,3,0,15,5,18,4,0,7,11,15,1,4,20,21,0,6,19,2,1,7,3,5,2,9,0,1,4,0,0,5,4,8,0,10,12,0,1,18,12,17,5,0,2,7,2,3,4,4,1,3,0,19,1,10,0,0,0,5,11,15,3,12,11,0,0,1,11,0,9,29,4,0,30,16,21,13,11,18,5
PDL1:IgG_28,0,0,0,0,0,1,0,0,0,0,0,0,0,0,0,0,0,0,0,0,0,0,0,0,0,1,0,0,0,0,0,0,0,0,0,0,0,0,0,0,0,0,0,0,0,0,0,0,0,0,1,0,0,0,0,0,0,1,0,0,0,0,0,0,0,0,0,0,0,0,0,0,0,0,0,0,0,0,2,1,0,0,0,0,0,0,1,0,0,0,0,0,0,0,0,0
PDL1:IgG_29,0,0,0,0,0,0,0,0,0,0,0,0,0,0,0,0,0,0,0,0,0,0,0,0,0,0,0,0,0,0,0,0,0,0,0,0,0,0,0,0,0,0,0,0,0,0,0,0,0,0,0,0,0,0,0,0,0,0,0,0,0,0,0,0,0,0,0,0,0,0,0,0,0,0,0,0,0,0,0,0,0,0,0,0,0,0,0,0,0,0,0,0,0,0,0,0
PDL1:IgG_30,0,0,0,0,0,0,0,0,0,0,0,1,0,0,0,0,0,0,0,1,0,0,0,0,0,0,0,0,0,0,1,0,0,0,0,0,0,0,1,0,0,0,0,0,0,0,0,0,0,0,0,1,0,0,0,1,1,0,0,0,0,0,0,0,0,0,0,0,0,0,0,0,0,0,0,0,0,0,0,2,0,1,0,0,0,0,0,0,0,0,1,0,0,0,0,0
HLADR:CD3,0,0,0,0,0,0,0,0,0,1,0,0,0,1,0,0,2,1,0,1,0,1,0,0,3,0,0,0,0,4,4,0,5,0,1,0,4,0,0,0,2,0,0,0,0,0,0,5,0,0,1,2,0,0,2,2,1,2,0,0,1,0,0,0,0,0,0,0,1,1,0,0,0,1,0,0,0,0,6,1,0,0,0,2,0,2,0,2,2,2,2,4,4,0,5,0
HLADR:CD28,2,0,1,0,0,0,0,2,0,0,0,0,1,1,0,1,0,2,4,0,0,0,0,0,0,0,0,0,2,2,1,0,3,0,1,1,0,0,1,0,0,0,0,0,0,0,0,0,1,0,2,0,0,0,0,0,0,3,0,1,1,0,0,0,0,0,0,0,2,1,1,0,0,0,3,0,1,1,2,1,0,0,1,1,0,0,0,0,0,1,0,1,0,0,1,0
HLADR:CD45RA,0,0,0,0,0,0,0,0,0,0,0,0,0,0,0,0,0,0,0,0,0,0,0,0,0,0,0,0,0,0,0,0,0,0,0,0,0,0,0,0,0,0,0,0,0,0,0,0,0,0,0,0,0,0,0,0,0,0,0,0,0,0,0,0,0,0,0,0,0,0,0,0,0,0,0,0,0,0,0,0,0,0,0,0,0,0,0,0,0,0,0,0,0,0,0,0
HLADR:CD4,0,1,0,0,0,0,0,0,0,0,0,0,0,0,0,0,0,0,0,0,0,0,0,0,0,0,0,0,0,0,0,0,0,0,0,0,0,0,0,0,0,0,0,0,0,0,0,0,0,0,0,0,0,0,0,0,0,0,0,0,0,0,0,0,0,0,0,0,0,0,0,0,0,0,0,0,0,0,0,0,0,0,0,0,0,0,0,0,0,0,0,0,0,0,0,0
HLADR:PD1,0,2,1,5,0,2,0,0,0,0,1,0,2,1,2,0,0,1,0,0,1,4,0,0,0,2,1,2,0,2,1,0,0,1,2,0,4,0,0,0,0,0,0,2,0,0,1,5,2,0,0,2,0,0,0,0,0,6,3,1,0,0,1,0,0,0,0,0,1,1,0,0,0,0,2,1,2,0,3,6,0,0,0,1,0,1,3,1,0,5,6,1,0,1,3,0
HLADR:LFA1,0,0,0,0,0,0,0,0,0,0,0,0,0,0,0,0,0,0,0,0,0,0,0,0,0,0,0,0,0,0,0,0,0,0,0,0,0,0,0,0,0,0,0,0,0,0,0,0,0,0,0,0,0,0,0,0,0,0,0,0,0,0,0,0,0,0,0,0,0,0,0,0,0,0,0,0,0,0,0,0,0,0,0,0,0,0,0,0,0,0,0,0,0,0,0,0
HLADR:ICAM1,0,0,0,1,0,1,0,0,0,0,0,0,1,0,0,0,0,1,0,0,0,1,0,0,0,1,0,0,0,0,0,0,0,0,0,0,0,0,0,0,0,0,1,0,0,0,0,1,0,0,1,0,0,0,0,1,0,1,0,0,0,0,0,1,0,0,0,0,0,0,0,0,0,0,0,0,0,0,0,0,0,1,0,0,0,0,0,0,0,0,0,0,0,0,0,0
HLADR:B7,0,0,0,0,0,0,0,0,0,0,0,0,0,0,0,0,0,0,0,0,0,0,0,0,0,0,0,0,0,0,0,0,0,0,0,1,0,0,0,0,0,0,0,0,0,0,0,0,0,0,0,0,0,0,0,1,0,0,0,0,0,0,0,0,0,0,0,0,0,0,0,0,0,0,0,0,0,0,0,0,0,0,0,0,0,0,0,0,0,0,1,0,0,0,0,0
HLADR:PDL1,0,0,0,0,0,0,0,0,0,0,0,0,0,0,0,0,0,0,0,0,0,0,0,0,0,0,0,0,0,0,0,0,0,0,0,0,0,0,0,0,0,0,0,0,0,0,0,0,0,0,0,0,0,0,0,0,0,0,0,0,0,0,0,0,0,0,0,0,0,0,0,0,0,0,0,0,0,0,0,0,0,0,1,0,0,0,0,0,0,0,0,0,0,0,0,0
HLADR:HLADR,0,0,0,1,0,0,0,0,0,0,0,0,0,0,0,0,0,0,0,0,0,0,0,0,0,0,0,0,0,0,0,0,0,0,0,0,0,1,0,0,0,0,0,0,0,0,0,0,0,0,0,1,0,0,0,0,0,0,0,0,0,0,0,0,0,0,0,0,0,0,0,0,0,0,0,0,0,0,0,0,0,0,0,0,0,0,0,0,0,0,0,0,0,0,0,0
HLADR:CD147,2,7,3,2,2,14,2,0,0,1,1,0,11,16,4,0,5,0,0,1,3,10,0,0,2,6,3,4,1,9,16,0,3,1,2,2,6,2,2,0,8,0,0,0,0,0,0,5,0,0,3,8,0,0,0,0,12,2,0,0,2,0,0,0,3,0,0,0,4,2,2,0,0,1,2,5,7,4,6,6,0,0,0,4,0,2,12,5,0,15,8,16,1,1,4,2
HLADR:IgG_28,0,0,0,0,0,0,0,0,0,0,0,0,0,0,0,0,0,0,0,0,0,0,0,0,0,0,0,0,2,0,1,0,0,0,0,0,0,0,0,0,0,0,0,1,0,0,0,0,0,0,0,0,0,0,0,0,0,0,0,0,0,0,0,0,0,0,0,0,0,0,0,0,0,0,0,0,0,0,1,0,0,0,0,0,0,0,0,0,0,0,1,1,0,0,0,0
HLADR:IgG_29,0,0,0,0,0,0,0,0,0,0,0,0,0,0,0,0,0,0,0,0,0,0,0,0,0,0,0,0,0,0,0,0,0,0,0,0,0,0,0,0,0,0,0,0,0,0,0,0,0,0,0,0,0,0,0,0,0,0,0,0,0,0,0,0,0,0,0,0,0,0,0,0,0,0,0,0,0,0,0,0,0,0,0,0,0,0,0,0,0,0,0,0,0,0,0,0
HLADR:IgG_30,0,0,0,0,0,0,0,0,0,0,0,0,0,0,0,0,0,0,0,0,0,0,0,0,0,0,0,0,0,0,0,0,0,0,0,0,0,0,0,0,0,0,0,0,0,0,0,0,0,0,0,1,0,0,0,0,0,0,0,0,0,0,0,0,0,0,0,0,0,0,0,0,0,0,0,0,0,0,1,0,0,0,0,0,0,0,0,0,0,1,0,0,0,0,0,0
CD147:CD3,35,8,426,49,37,218,16,11,0,9,38,11,12,106,8,33,226,60,27,93,166,107,32,0,693,120,16,8,17,468,978,7,333,28,20,29,273,37,84,24,390,0,7,4,4,7,17,538,49,0,116,73,22,8,75,75,381,20,21,15,50,0,20,14,10,25,18,1,75,37,54,0,9,79,115,49,52,29,312,95,0,8,12,198,0,170,162,23,8,221,63,551,97,22,490,7
CD147:CD28,45,27,77,38,36,161,5,12,0,7,34,7,38,144,10,17,105,24,17,110,75,47,8,0,253,162,21,12,27,229,361,4,141,29,24,11,108,28,52,7,201,0,1,9,8,10,18,236,23,0,55,10,8,3,37,103,149,29,15,19,25,0,33,8,4,9,15,0,159,19,51,0,11,8,127,59,74,26,93,47,0,3,8,154,0,74,239,22,4,173,123,165,28,50,276,7
CD147:CD45RA,0,0,0,0,0,0,0,0,0,0,0,0,0,0,0,0,0,0,0,0,0,0,0,0,0,0,0,0,0,0,0,0,0,0,0,0,0,0,0,0,0,0,0,0,0,0,0,0,0,0,0,0,0,0,0,0,0,0,0,0,0,0,0,0,0,0,0,0,0,0,0,0,0,0,0,0,0,0,0,0,0,0,0,0,0,0,0,0,0,0,0,0,0,0,0,0
CD147:CD4,1,5,3,1,1,10,0,0,0,0,0,0,4,6,0,0,9,0,0,6,3,7,1,0,3,4,1,0,2,6,10,0,1,1,0,0,13,0,2,0,6,0,0,0,0,0,0,8,2,0,0,7,0,0,1,4,8,1,0,0,0,0,0,0,0,1,0,0,0,1,1,0,0,1,1,3,2,1,1,4,0,0,1,2,0,4,10,0,0,11,9,7,0,1,5,0
CD147:PD1,19,475,101,120,42,337,5,9,1,24,31,4,158,636,2,17,213,55,19,295,104,487,16,0,129,291,28,46,44,364,377,0,129,62,40,22,489,53,47,6,204,0,10,63,7,7,31,231,113,0,71,386,15,21,23,156,327,98,7,28,44,3,70,29,18,17,12,0,173,79,94,0,8,24,113,91,186,56,386,182,0,1,21,112,0,61,300,27,2,686,565,539,86,40,214,17
CD147:LFA1,1,0,0,0,0,0,0,0,0,0,0,0,0,0,0,0,0,0,1,0,0,0,0,0,0,0,1,0,1,0,1,0,1,0,0,0,2,1,0,0,0,0,0,0,0,0,0,0,0,0,0,0,2,0,0,0,0,0,0,0,0,0,0,1,0,0,0,0,0,0,0,0,0,0,0,0,0,0,0,0,0,0,0,0,0,0,0,0,0,0,0,0,0,1,1,1
CD147:ICAM1,2,14,15,9,5,27,5,4,1,5,6,8,6,23,3,2,57,3,4,37,13,22,3,0,27,35,3,6,7,23,37,0,19,4,2,0,16,5,10,1,13,0,2,3,1,1,3,25,14,0,11,13,3,2,2,42,21,2,2,4,4,0,8,2,8,3,1,1,13,4,7,0,2,5,9,8,22,8,19,9,0,1,2,29,0,6,105,1,2,36,22,34,5,7,32,7
CD147:B7,0,5,1,7,0,14,0,0,0,0,0,0,1,19,0,1,7,3,0,5,2,14,0,0,7,11,2,0,2,17,14,0,2,0,1,0,11,0,2,0,5,0,0,3,0,0,1,2,1,0,1,3,0,2,0,6,8,1,0,0,1,0,0,0,0,0,0,0,3,0,2,0,0,1,4,3,6,1,4,3,0,0,0,2,0,0,15,0,0,12,10,21,0,0,4,0
CD147:PDL1,0,8,3,2,0,17,1,0,0,0,2,0,1,18,0,0,8,4,0,17,6,20,2,0,10,5,1,1,3,14,21,1,4,5,0,0,9,0,2,0,12,0,0,1,0,0,2,7,1,0,0,4,0,1,2,8,9,2,0,0,1,0,1,0,0,0,0,0,4,2,1,0,0,0,8,4,7,1,9,4,0,0,1,4,0,0,17,3,0,15,21,16,3,0,10,0
CD147:HLADR,0,9,1,1,0,6,0,0,0,0,0,0,2,7,0,0,3,0,1,11,0,5,0,0,2,3,1,1,1,5,11,0,1,3,1,0,7,0,2,0,3,0,0,0,0,0,2,1,3,0,2,5,0,0,0,7,5,1,1,2,0,0,4,0,0,0,0,0,5,0,1,0,0,0,0,3,2,0,3,1,1,0,0,1,0,0,8,0,0,6,1,9,0,0,4,0
CD147:CD147,193,538,470,272,160,3622,43,56,3,48,149,55,135,2730,3,39,861,93,96,1009,952,1335,54,0,1058,1105,122,123,199,2221,2309,13,569,200,77,92,887,176,196,40,773,1,24,95,42,25,89,615,312,1,348,745,32,27,306,810,1677,107,60,27,170,14,226,80,31,47,180,2,1154,239,448,3,33,128,559,341,1330,194,582,347,4,16,55,659,0,295,4364,75,19,3450,1478,1818,273,164,1023,73
CD147:IgG_28,1,19,7,5,2,34,0,0,0,0,5,0,12,35,0,0,12,0,1,16,9,27,1,0,8,19,0,4,4,24,20,0,5,3,5,1,29,3,1,0,8,0,0,4,0,0,0,11,5,0,3,17,4,1,1,8,38,5,2,0,0,0,3,0,4,0,0,0,11,5,3,0,0,1,8,2,9,1,20,8,0,0,0,7,0,0,26,0,1,27,31,23,2,0,10,1
CD147:IgG_29,0,0,0,0,0,0,0,0,0,0,0,0,0,0,0,0,0,0,0,0,0,0,0,0,0,0,0,0,0,0,0,0,0,0,0,0,0,0,0,0,0,0,0,0,0,0,0,0,0,0,0,0,0,0,0,0,0,0,0,0,0,0,0,0,0,0,0,0,0,0,0,0,0,0,0,0,0,0,0,0,0,0,0,0,0,0,0,0,0,0,0,0,0,0,0,0
CD147:IgG_30,0,24,6,20,3,41,0,0,0,3,1,0,13,44,0,0,11,5,1,16,4,26,2,0,16,23,0,6,3,34,25,0,10,2,1,1,23,7,2,0,14,0,0,6,0,0,4,20,9,0,4,26,0,2,1,12,29,2,1,1,3,0,5,0,0,5,0,0,13,5,5,0,0,0,9,7,22,2,16,5,0,0,3,5,0,4,26,1,0,57,34,36,4,3,6,0
IgG_28:CD3,1,1,5,6,3,1,0,1,0,2,0,0,1,1,0,4,2,7,0,0,1,3,3,0,4,3,0,3,0,6,11,0,8,0,6,2,5,3,2,0,5,0,0,0,0,0,2,11,1,0,4,4,5,1,1,2,4,7,0,1,2,0,0,0,0,0,0,0,0,3,4,0,0,3,0,1,3,2,13,4,0,0,4,5,0,5,1,1,3,5,0,5,2,2,2,0
IgG_28:CD28,1,1,2,2,6,0,0,1,0,1,1,0,3,3,2,2,0,2,0,0,1,0,2,0,8,1,2,2,2,2,3,0,1,2,2,4,5,1,6,3,4,0,0,3,0,1,1,3,6,0,2,0,2,0,0,3,4,7,3,2,1,0,0,2,0,0,1,0,4,0,3,0,1,0,2,0,2,1,4,3,0,2,3,1,0,7,1,0,0,2,2,1,1,1,3,4
IgG_28:CD45RA,0,0,0,0,0,0,0,0,0,0,0,0,0,0,0,0,0,0,0,0,0,0,0,0,0,0,0,0,0,0,0,0,0,0,0,0,0,0,0,0,0,0,0,0,0,0,0,0,0,0,0,0,0,0,0,0,0,0,0,0,0,0,0,0,0,0,0,0,0,0,0,0,0,0,0,0,0,0,0,0,0,0,0,0,0,0,0,0,0,0,0,0,0,0,0,0
IgG_28:CD4,0,0,0,0,0,1,0,0,0,0,0,0,0,0,0,0,0,0,0,0,0,0,0,0,0,0,0,0,0,0,0,0,0,0,0,0,0,0,0,0,0,0,0,0,0,0,0,0,0,0,0,0,0,0,0,0,0,0,0,0,0,0,0,0,0,0,0,0,0,0,0,0,0,0,0,0,0,0,0,0,0,0,0,0,0,0,0,0,0,0,0,0,0,0,0,0
IgG_28:PD1,0,45,1,13,0,1,0,1,0,7,1,0,13,5,0,1,1,4,0,1,0,5,4,0,0,1,1,3,6,0,0,0,0,4,9,0,11,2,1,0,3,0,1,8,0,0,0,4,4,0,1,10,0,9,0,0,1,19,0,4,3,0,1,0,0,0,0,0,2,2,4,0,0,0,2,3,3,2,13,8,0,0,3,1,0,0,1,3,0,4,11,7,2,0,5,0
IgG_28:LFA1,0,0,0,1,0,0,0,0,0,0,0,0,0,0,0,0,0,0,0,0,0,0,0,0,0,0,0,0,0,0,0,0,0,0,0,0,0,0,0,0,0,0,0,0,0,0,0,0,0,0,0,0,0,0,0,0,0,0,0,0,0,0,0,0,0,0,0,0,0,0,0,0,0,0,0,0,0,0,0,0,0,0,0,0,0,0,0,0,0,0,0,0,0,0,0,0
IgG_28:ICAM1,0,1,2,0,0,0,0,0,0,0,0,0,1,0,0,0,0,2,0,0,0,1,0,0,0,0,0,3,0,0,0,0,0,0,0,0,0,0,0,0,0,0,0,0,0,0,0,0,1,0,0,1,0,0,0,2,0,0,0,1,0,0,0,0,0,0,0,0,0,0,0,0,1,0,0,0,0,0,0,0,0,0,0,0,0,1,1,1,1,2,0,0,0,0,0,1
IgG_28:B7,0,0,0,0,0,0,0,0,0,0,0,0,0,0,0,0,0,0,0,0,0,0,0,0,0,0,0,0,0,1,0,0,0,0,0,0,0,0,0,0,0,0,0,0,0,0,0,0,0,0,0,0,0,0,0,0,0,0,0,0,0,0,0,0,0,0,0,0,0,0,0,0,0,0,0,0,0,0,0,0,0,0,0,0,0,0,0,0,0,1,0,2,0,0,0,0
IgG_28:PDL1,0,0,0,0,0,0,0,0,0,0,0,0,0,2,0,0,0,0,0,0,0,0,0,0,1,0,0,0,0,0,2,0,0,2,0,0,0,1,0,0,0,0,0,0,0,0,0,0,0,0,0,1,0,0,0,0,0,0,0,0,0,0,0,0,0,0,0,0,0,0,0,0,0,0,0,0,0,0,0,0,0,0,0,0,0,0,0,0,0,0,0,0,0,0,0,0
IgG_28:HLADR,0,0,0,0,0,0,0,0,0,1,0,0,0,0,0,0,0,0,0,0,0,0,0,0,0,0,0,2,0,0,0,0,0,0,0,0,0,0,0,0,0,0,0,1,0,0,0,0,0,0,0,0,0,0,0,0,0,0,0,0,0,0,0,0,0,0,0,0,0,0,0,0,0,0,0,0,0,0,0,0,0,0,0,0,0,0,0,0,0,0,0,0,0,0,0,0
IgG_28:CD147,11,41,2,9,4,19,0,3,0,7,4,0,11,41,2,2,8,8,0,19,5,10,1,0,12,11,2,5,3,16,16,0,6,7,7,0,18,11,1,0,14,0,1,20,1,0,3,5,13,0,15,20,3,4,5,16,8,12,0,5,8,0,8,4,0,0,3,0,19,8,17,0,4,6,6,9,23,19,11,13,0,2,6,3,0,6,19,9,0,54,35,18,15,4,14,1
IgG_28:IgG_28,1,1,0,2,1,0,0,0,0,0,0,0,0,0,0,0,0,0,0,0,0,0,0,0,0,0,0,0,0,0,0,0,0,0,0,0,1,1,0,0,0,0,0,0,0,0,0,0,0,0,0,0,1,0,0,0,1,1,2,0,0,0,0,0,0,0,0,0,0,0,0,0,0,0,0,0,0,0,0,0,0,0,0,0,0,0,0,0,0,0,0,1,0,0,0,0
IgG_28:IgG_29,0,0,0,0,0,0,0,0,0,0,0,0,0,0,0,0,0,0,0,0,0,0,0,0,0,0,0,0,0,0,0,0,0,0,0,0,0,0,0,0,0,0,0,0,0,0,0,0,0,0,0,0,0,0,0,0,0,0,0,0,0,0,0,0,0,0,0,0,0,0,0,0,0,0,0,0,0,0,0,0,0,0,0,0,0,0,0,0,0,0,0,0,0,0,0,0
IgG_28:IgG_30,0,2,0,2,0,0,0,0,0,0,0,0,2,2,0,0,0,0,0,0,0,0,0,0,0,0,0,0,0,1,0,0,0,0,1,0,1,0,1,0,0,0,0,0,0,0,0,0,1,0,0,1,0,0,0,0,0,0,0,0,0,0,0,0,0,0,0,0,0,1,0,0,0,0,0,0,0,0,2,0,0,0,1,0,0,0,0,0,0,0,1,0,0,0,0,0
IgG_29:CD3,0,1,13,2,1,7,0,2,0,2,1,0,0,8,3,1,10,6,0,4,4,3,4,0,17,6,0,5,0,15,37,0,19,0,6,0,33,5,7,3,25,0,2,0,1,0,2,38,1,0,9,7,1,1,5,1,11,3,2,2,2,0,3,3,0,1,0,0,0,3,0,1,0,6,2,2,4,1,33,10,0,3,6,11,0,3,3,1,1,9,2,25,1,3,23,0
IgG_29:CD28,2,5,4,6,2,4,1,5,0,2,3,2,9,2,7,5,9,7,1,3,1,4,3,0,9,5,2,6,2,5,12,2,8,2,7,1,17,0,9,0,20,0,0,3,0,5,1,11,1,0,5,0,6,0,2,3,6,7,4,2,1,0,3,0,1,1,0,0,5,6,3,0,3,0,5,7,3,2,12,5,0,0,6,4,0,4,4,2,0,9,9,8,1,6,15,0
IgG_29:CD45RA,0,0,0,0,0,0,0,0,0,0,0,0,0,0,0,0,0,0,0,0,0,0,0,0,0,0,0,0,0,0,0,0,0,0,0,0,0,0,0,0,0,0,0,0,0,0,0,0,0,0,0,0,0,0,0,0,0,0,0,0,0,0,0,0,0,0,0,0,0,0,0,0,0,0,0,0,0,0,0,0,0,0,0,0,0,0,0,0,0,0,0,0,0,0,0,0
IgG_29:CD4,0,2,0,1,0,0,0,0,0,0,0,0,0,0,0,0,0,0,0,0,0,0,0,0,0,0,0,0,0,0,1,0,0,0,0,0,0,0,0,0,0,0,0,0,0,0,0,2,0,0,0,2,0,0,0,0,0,0,0,0,0,0,0,0,0,0,0,0,0,0,0,0,0,0,0,0,0,0,0,0,0,0,0,0,0,2,2,0,0,0,0,0,0,0,0,0
IgG_29:PD1,3,48,2,9,2,16,1,3,0,4,3,4,17,16,1,3,10,11,0,7,2,15,0,0,3,12,0,8,1,8,8,0,4,0,6,1,34,1,1,0,13,0,0,11,2,3,2,15,10,0,3,36,2,3,0,3,10,17,3,0,1,0,1,1,4,0,0,0,5,7,5,0,2,1,8,6,7,4,37,9,0,1,6,3,0,5,9,0,0,20,34,24,2,0,3,0
IgG_29:LFA1,0,0,0,0,0,0,0,0,0,0,0,0,0,0,0,0,0,0,0,0,0,0,0,0,0,0,0,0,0,0,0,0,0,0,0,0,0,0,0,0,0,0,0,0,0,0,0,0,0,0,0,0,0,0,0,0,0,0,0,0,0,0,0,0,0,0,0,0,0,0,0,0,0,0,0,0,0,0,0,0,0,0,0,0,0,0,0,0,0,0,0,0,0,0,0,0
IgG_29:ICAM1,0,1,0,0,0,0,0,0,0,0,0,0,0,1,0,0,1,0,1,2,0,2,1,0,3,1,0,0,0,0,0,0,1,0,0,0,3,0,0,0,0,0,0,0,1,0,0,3,2,0,0,0,1,0,0,3,1,0,0,0,0,0,0,0,0,0,0,0,0,0,0,0,0,0,0,0,0,0,0,1,0,1,1,0,0,0,0,1,0,1,1,1,0,0,3,0
IgG_29:B7,0,0,0,0,0,0,0,0,0,0,0,0,3,0,0,0,0,0,0,1,0,2,0,0,0,0,0,0,0,0,0,0,0,0,0,0,0,0,0,0,0,0,0,0,0,0,0,2,0,0,0,0,0,0,0,0,0,0,0,0,0,0,0,0,0,0,0,0,1,0,1,0,0,0,0,0,0,0,0,1,0,0,1,0,0,0,0,0,0,2,0,0,0,0,0,0
IgG_29:PDL1,0,1,0,0,0,0,0,0,0,0,0,0,0,0,0,0,0,1,0,1,0,1,0,0,0,0,0,0,0,0,0,0,0,0,0,0,1,0,0,0,1,0,0,0,0,0,0,0,0,0,0,0,0,0,0,0,0,0,0,0,0,0,0,0,0,0,0,0,1,0,0,0,0,0,0,0,0,0,1,0,0,0,0,0,0,0,0,0,0,0,1,2,0,3,1,0
IgG_29:HLADR,1,3,0,0,0,1,0,0,0,0,0,0,0,0,0,0,0,1,0,0,0,0,0,0,0,0,0,0,0,0,0,0,0,0,0,0,0,0,0,0,0,0,0,0,0,0,0,1,0,0,0,0,0,0,0,0,0,0,0,0,0,0,0,0,0,0,0,0,0,0,0,0,0,0,0,0,0,0,0,0,0,0,0,0,0,0,0,0,0,0,0,0,0,0,0,0
IgG_29:CD147,8,60,21,21,12,103,4,6,0,8,14,0,15,91,2,2,22,15,1,63,28,68,13,0,23,44,6,10,8,72,96,0,28,12,10,3,55,18,14,3,41,0,4,15,7,0,2,29,15,0,13,53,4,4,12,22,80,15,2,2,8,1,7,7,5,4,2,0,52,10,23,0,5,1,26,25,42,13,51,26,0,3,7,23,0,7,98,4,2,135,76,84,18,7,34,1
IgG_29:IgG_28,0,1,0,1,0,2,0,0,0,0,0,0,2,0,0,0,0,0,0,1,0,0,0,0,1,1,0,0,1,0,2,0,0,0,0,0,5,0,0,0,0,0,0,0,0,0,0,0,0,0,0,0,0,0,0,1,2,1,0,0,0,1,0,0,0,0,0,0,0,0,0,0,3,0,0,0,1,0,2,0,0,1,0,0,0,1,0,1,0,1,1,0,2,0,0,0
IgG_29:IgG_29,0,0,0,0,0,0,0,0,0,0,0,0,0,0,0,0,0,0,0,0,0,0,0,0,0,0,0,0,0,0,0,0,0,0,0,0,0,0,0,0,0,0,0,0,0,0,0,0,0,0,0,0,0,0,0,0,0,0,0,0,0,0,0,0,0,0,0,0,0,0,0,0,0,0,0,0,0,0,0,0,0,0,0,0,0,0,0,0,0,0,0,0,0,0,0,0
IgG_29:IgG_30,0,1,0,2,0,0,0,0,0,0,0,0,1,2,0,0,1,0,0,0,1,0,0,0,1,1,0,1,2,3,1,0,0,0,0,1,1,0,0,0,0,0,0,1,0,0,0,0,0,0,0,3,0,0,0,0,0,1,0,0,0,0,0,0,2,0,0,0,1,0,0,0,0,0,0,0,0,1,2,0,0,0,0,0,0,0,0,0,0,2,0,1,0,0,1,0
IgG_30:CD3,0,0,0,0,0,0,0,0,0,0,0,0,0,0,0,0,0,0,0,0,0,0,0,0,0,0,0,0,0,0,0,0,0,0,0,0,0,0,0,0,0,0,0,0,0,0,0,0,0,0,0,0,0,0,0,0,0,0,0,0,0,0,0,0,0,0,0,0,0,0,0,0,0,0,0,0,0,0,0,0,0,0,0,0,0,0,0,0,0,0,0,0,0,0,0,0
IgG_30:CD28,0,0,0,0,0,0,0,0,0,0,0,0,0,0,0,0,0,0,0,0,0,0,0,0,0,0,0,0,0,0,0,0,0,0,0,0,0,0,0,0,0,0,0,0,0,0,0,0,0,0,0,0,0,0,0,0,0,0,0,0,0,0,0,0,0,0,0,0,0,0,0,0,0,0,0,0,0,0,0,0,0,0,0,0,0,0,0,0,0,0,0,0,0,0,0,0
IgG_30:CD45RA,0,0,0,0,0,0,0,0,0,0,0,0,0,0,0,0,0,0,0,0,0,0,0,0,0,0,0,0,0,0,0,0,0,0,0,0,0,0,0,0,0,0,0,0,0,0,0,0,0,0,0,0,0,0,0,0,0,0,0,0,0,0,0,0,0,0,0,0,0,0,0,0,0,0,0,0,0,0,0,0,0,0,0,0,0,0,0,0,0,0,0,0,0,0,0,0
IgG_30:CD4,0,0,0,0,0,0,0,0,0,0,0,0,0,0,0,0,0,0,0,0,0,0,0,0,0,0,0,0,0,0,0,0,0,0,0,0,0,0,0,0,0,0,0,0,0,0,0,0,0,0,0,0,0,0,0,0,0,0,0,0,0,0,0,0,0,0,0,0,0,0,0,0,0,0,0,0,0,0,0,0,0,0,0,0,0,0,0,0,0,0,0,0,0,0,0,0
IgG_30:PD1,0,0,0,0,0,0,0,0,0,0,0,0,0,0,0,0,0,0,0,0,0,0,0,0,0,0,0,0,0,0,0,0,0,0,0,0,0,0,0,0,0,0,0,0,0,0,0,0,0,0,0,0,0,0,0,0,0,0,0,0,0,0,0,0,0,0,0,0,0,0,0,0,0,0,0,0,0,0,0,0,0,0,0,0,0,0,0,0,0,0,0,0,0,0,0,0
IgG_30:LFA1,0,0,0,0,0,0,0,0,0,0,0,0,0,0,0,0,0,0,0,0,0,0,0,0,0,0,0,0,0,0,0,0,0,0,0,0,0,0,0,0,0,0,0,0,0,0,0,0,0,0,0,0,0,0,0,0,0,0,0,0,0,0,0,0,0,0,0,0,0,0,0,0,0,0,0,0,0,0,0,0,0,0,0,0,0,0,0,0,0,0,0,0,0,0,0,0
IgG_30:ICAM1,0,0,0,0,0,0,0,0,0,0,0,0,0,0,0,0,0,0,0,0,0,0,0,0,0,0,0,0,0,0,0,0,0,0,0,0,0,0,0,0,0,0,0,0,0,0,0,0,0,0,0,0,0,0,0,0,0,0,0,0,0,0,0,0,0,0,0,0,0,0,0,0,0,0,0,0,0,0,0,0,0,0,0,0,0,0,0,0,0,0,0,0,0,0,0,0
IgG_30:B7,0,0,0,0,0,0,0,0,0,0,0,0,0,0,0,0,0,0,0,0,0,0,0,0,0,0,0,0,0,0,0,0,0,0,0,0,0,0,0,0,0,0,0,0,0,0,0,0,0,0,0,0,0,0,0,0,0,0,0,0,0,0,0,0,0,0,0,0,0,0,0,0,0,0,0,0,0,0,0,0,0,0,0,0,0,0,0,0,0,0,0,0,0,0,0,0
IgG_30:PDL1,0,0,0,0,0,0,0,0,0,0,0,0,0,0,0,0,0,0,0,0,0,0,0,0,0,0,0,0,0,0,0,0,0,0,0,0,0,0,0,0,0,0,0,0,0,0,0,0,0,0,0,0,0,0,0,0,0,0,0,0,0,0,0,0,0,0,0,0,0,0,0,0,0,0,0,0,0,0,0,0,0,0,0,0,0,0,0,0,0,0,0,0,0,0,0,0
IgG_30:HLADR,0,0,0,0,0,0,0,0,0,0,0,0,0,0,0,0,0,0,0,0,0,0,0,0,0,0,0,0,0,0,0,0,0,0,0,0,0,0,0,0,0,0,0,0,0,0,0,0,0,0,0,0,0,0,0,0,0,0,0,0,0,0,0,0,0,0,0,0,0,0,0,0,0,0,0,0,0,0,0,0,0,0,0,0,0,0,0,0,0,0,0,0,0,0,0,0
IgG_30:CD147,0,0,0,0,0,0,0,0,0,0,0,0,0,0,0,0,0,0,0,0,0,0,0,0,0,0,0,0,0,0,0,0,0,0,0,0,0,0,0,0,0,0,0,0,0,0,0,0,0,0,0,0,0,0,0,0,0,0,0,0,0,0,0,0,0,0,0,0,0,0,0,0,0,0,0,0,0,0,0,0,0,0,0,0,0,0,0,0,0,0,0,0,0,0,0,0
IgG_30:IgG_28,0,0,0,0,0,0,0,0,0,0,0,0,0,0,0,0,0,0,0,0,0,0,0,0,0,0,0,0,0,0,0,0,0,0,0,0,0,0,0,0,0,0,0,0,0,0,0,0,0,0,0,0,0,0,0,0,0,0,0,0,0,0,0,0,0,0,0,0,0,0,0,0,0,0,0,0,0,0,0,0,0,0,0,0,0,0,0,0,0,0,0,0,0,0,0,0
IgG_30:IgG_29,0,0,0,0,0,0,0,0,0,0,0,0,0,0,0,0,0,0,0,0,0,0,0,0,0,0,0,0,0,0,0,0,0,0,0,0,0,0,0,0,0,0,0,0,0,0,0,0,0,0,0,0,0,0,0,0,0,0,0,0,0,0,0,0,0,0,0,0,0,0,0,0,0,0,0,0,0,0,0,0,0,0,0,0,0,0,0,0,0,0,0,0,0,0,0,0
IgG_30:IgG_30,0,0,0,0,0,0,0,0,0,0,0,0,0,0,0,0,0,0,0,0,0,0,0,0,0,0,0,0,0,0,0,0,0,0,0,0,0,0,0,0,0,0,0,0,0,0,0,0,0,0,0,0,0,0,0,0,0,0,0,0,0,0,0,0,0,0,0,0,0,0,0,0,0,0,0,0,0,0,0,0,0,0,0,0,0,0,0,0,0,0,0,0,0,0,0,0
